Country,Alpha-2 code,Alpha-3 code,Numeric code,Latitude (average),Longitude (average),"INSERT INTO COUNTRY (countryKey,countryDisplayName) VALUES(' ""ALB""','Albania')",,,
Afghanistan, AF, AFG,4,33,65,"INSERT INTO COUNTRY (countryKey,countryDisplayName) VALUES(' ""DZA""','Algeria')",,,
Albania," ""AL"""," ""ALB"""," ""8"""," ""41"""," ""20""","INSERT INTO COUNTRY (countryKey,countryDisplayName) VALUES(' ""ASM""','American Samoa')",,,
Algeria," ""DZ"""," ""DZA"""," ""12"""," ""28"""," ""3""","INSERT INTO COUNTRY (countryKey,countryDisplayName) VALUES(' ""AND""','Andorra')",,,
American Samoa," ""AS"""," ""ASM"""," ""16"""," ""-14.3333"""," ""-170""","INSERT INTO COUNTRY (countryKey,countryDisplayName) VALUES(' ""AGO""','Angola')",,,
Andorra," ""AD"""," ""AND"""," ""20"""," ""42.5"""," ""1.6""","INSERT INTO COUNTRY (countryKey,countryDisplayName) VALUES(' ""AIA""','Anguilla')",,,
Angola," ""AO"""," ""AGO"""," ""24"""," ""-12.5"""," ""18.5""","INSERT INTO COUNTRY (countryKey,countryDisplayName) VALUES(' ""ATA""','Antarctica')",,,
Anguilla," ""AI"""," ""AIA"""," ""660"""," ""18.25"""," ""-63.1667""","INSERT INTO COUNTRY (countryKey,countryDisplayName) VALUES(' ""ATG""','Antigua and Barbuda')",,,1
Antarctica," ""AQ"""," ""ATA"""," ""10"""," ""-90"""," ""0""","INSERT INTO COUNTRY (countryKey,countryDisplayName) VALUES(' ""ARG""','Argentina')",,,
Antigua and Barbuda," ""AG"""," ""ATG"""," ""28"""," ""17.05"""," ""-61.8""","INSERT INTO COUNTRY (countryKey,countryDisplayName) VALUES(' ""ARM""','Armenia')",,,
Argentina," ""AR"""," ""ARG"""," ""32"""," ""-34"""," ""-64""","INSERT INTO COUNTRY (countryKey,countryDisplayName) VALUES(' ""ABW""','Aruba')",,,
Armenia," ""AM"""," ""ARM"""," ""51"""," ""40"""," ""45""","INSERT INTO COUNTRY (countryKey,countryDisplayName) VALUES(' ""AUS""','Australia')",,,
Aruba," ""AW"""," ""ABW"""," ""533"""," ""12.5"""," ""-69.9667""","INSERT INTO COUNTRY (countryKey,countryDisplayName) VALUES(' ""AUT""','Austria')",,,
Australia," ""AU"""," ""AUS"""," ""36"""," ""-27"""," ""133""","INSERT INTO COUNTRY (countryKey,countryDisplayName) VALUES(' ""AZE""','Azerbaijan')",,,
Austria," ""AT"""," ""AUT"""," ""40"""," ""47.3333"""," ""13.3333""","INSERT INTO COUNTRY (countryKey,countryDisplayName) VALUES(' ""BHS""','Bahamas')",,,
Azerbaijan," ""AZ"""," ""AZE"""," ""31"""," ""40.5"""," ""47.5""","INSERT INTO COUNTRY (countryKey,countryDisplayName) VALUES(' ""BHR""','Bahrain')",,,
Bahamas," ""BS"""," ""BHS"""," ""44"""," ""24.25"""," ""-76""","INSERT INTO COUNTRY (countryKey,countryDisplayName) VALUES(' ""BGD""','Bangladesh')",,,
Bahrain," ""BH"""," ""BHR"""," ""48"""," ""26"""," ""50.55""","INSERT INTO COUNTRY (countryKey,countryDisplayName) VALUES(' ""BRB""','Barbados')",,,
Bangladesh," ""BD"""," ""BGD"""," ""50"""," ""24"""," ""90""","INSERT INTO COUNTRY (countryKey,countryDisplayName) VALUES(' ""BLR""','Belarus')",,,
Barbados," ""BB"""," ""BRB"""," ""52"""," ""13.1667"""," ""-59.5333""","INSERT INTO COUNTRY (countryKey,countryDisplayName) VALUES(' ""BEL""','Belgium')",,,
Belarus," ""BY"""," ""BLR"""," ""112"""," ""53"""," ""28""","INSERT INTO COUNTRY (countryKey,countryDisplayName) VALUES(' ""BLZ""','Belize')",,,
Belgium," ""BE"""," ""BEL"""," ""56"""," ""50.8333"""," ""4""","INSERT INTO COUNTRY (countryKey,countryDisplayName) VALUES(' ""BEN""','Benin')",,,
Belize," ""BZ"""," ""BLZ"""," ""84"""," ""17.25"""," ""-88.75""","INSERT INTO COUNTRY (countryKey,countryDisplayName) VALUES(' ""BMU""','Bermuda')",,,
Benin," ""BJ"""," ""BEN"""," ""204"""," ""9.5"""," ""2.25""","INSERT INTO COUNTRY (countryKey,countryDisplayName) VALUES(' ""BTN""','Bhutan')",,,
Bermuda," ""BM"""," ""BMU"""," ""60"""," ""32.3333"""," ""-64.75""","INSERT INTO COUNTRY (countryKey,countryDisplayName) VALUES(' ""BOL""','Bolivia, Plurinational State of')",,,
Bhutan," ""BT"""," ""BTN"""," ""64"""," ""27.5"""," ""90.5""","INSERT INTO COUNTRY (countryKey,countryDisplayName) VALUES(' ""BOL""','Bolivia')",,,
"Bolivia, Plurinational State of"," ""BO"""," ""BOL"""," ""68"""," ""-17"""," ""-65""","INSERT INTO COUNTRY (countryKey,countryDisplayName) VALUES(' ""BIH""','Bosnia and Herzegovina')",,,
Bolivia," ""BO"""," ""BOL"""," ""68"""," ""-17"""," ""-65""","INSERT INTO COUNTRY (countryKey,countryDisplayName) VALUES(' ""BWA""','Botswana')",,,
Bosnia and Herzegovina," ""BA"""," ""BIH"""," ""70"""," ""44"""," ""18""","INSERT INTO COUNTRY (countryKey,countryDisplayName) VALUES(' ""BVT""','Bouvet Island')",,,
Botswana," ""BW"""," ""BWA"""," ""72"""," ""-22"""," ""24""","INSERT INTO COUNTRY (countryKey,countryDisplayName) VALUES(' ""BRA""','Brazil')",,,
Bouvet Island," ""BV"""," ""BVT"""," ""74"""," ""-54.4333"""," ""3.4""","INSERT INTO COUNTRY (countryKey,countryDisplayName) VALUES(' ""IOT""','British Indian Ocean Territory')",,,
Brazil," ""BR"""," ""BRA"""," ""76"""," ""-10"""," ""-55""","INSERT INTO COUNTRY (countryKey,countryDisplayName) VALUES(' ""BRN""','Brunei Darussalam')",,,
British Indian Ocean Territory," ""IO"""," ""IOT"""," ""86"""," ""-6"""," ""71.5""","INSERT INTO COUNTRY (countryKey,countryDisplayName) VALUES(' ""BRN""','Brunei')",,,
Brunei Darussalam," ""BN"""," ""BRN"""," ""96"""," ""4.5"""," ""114.6667""","INSERT INTO COUNTRY (countryKey,countryDisplayName) VALUES(' ""BGR""','Bulgaria')",,,
Brunei," ""BN"""," ""BRN"""," ""96"""," ""4.5"""," ""114.6667""","INSERT INTO COUNTRY (countryKey,countryDisplayName) VALUES(' ""BFA""','Burkina Faso')",,,
Bulgaria," ""BG"""," ""BGR"""," ""100"""," ""43"""," ""25""","INSERT INTO COUNTRY (countryKey,countryDisplayName) VALUES(' ""BDI""','Burundi')",,,
Burkina Faso," ""BF"""," ""BFA"""," ""854"""," ""13"""," ""-2""","INSERT INTO COUNTRY (countryKey,countryDisplayName) VALUES(' ""KHM""','Cambodia')",,,
Burundi," ""BI"""," ""BDI"""," ""108"""," ""-3.5"""," ""30""","INSERT INTO COUNTRY (countryKey,countryDisplayName) VALUES(' ""CMR""','Cameroon')",,,
Cambodia," ""KH"""," ""KHM"""," ""116"""," ""13"""," ""105""","INSERT INTO COUNTRY (countryKey,countryDisplayName) VALUES(' ""CAN""','Canada')",,,
Cameroon," ""CM"""," ""CMR"""," ""120"""," ""6"""," ""12""","INSERT INTO COUNTRY (countryKey,countryDisplayName) VALUES(' ""CPV""','Cape Verde')",,,
Canada," ""CA"""," ""CAN"""," ""124"""," ""60"""," ""-95""","INSERT INTO COUNTRY (countryKey,countryDisplayName) VALUES(' ""CYM""','Cayman Islands')",,,
Cape Verde," ""CV"""," ""CPV"""," ""132"""," ""16"""," ""-24""","INSERT INTO COUNTRY (countryKey,countryDisplayName) VALUES(' ""CAF""','Central African Republic')",,,
Cayman Islands," ""KY"""," ""CYM"""," ""136"""," ""19.5"""," ""-80.5""","INSERT INTO COUNTRY (countryKey,countryDisplayName) VALUES(' ""TCD""','Chad')",,,
Central African Republic," ""CF"""," ""CAF"""," ""140"""," ""7"""," ""21""","INSERT INTO COUNTRY (countryKey,countryDisplayName) VALUES(' ""CHL""','Chile')",,,
Chad," ""TD"""," ""TCD"""," ""148"""," ""15"""," ""19""","INSERT INTO COUNTRY (countryKey,countryDisplayName) VALUES(' ""CHN""','China')",,,
Chile," ""CL"""," ""CHL"""," ""152"""," ""-30"""," ""-71""","INSERT INTO COUNTRY (countryKey,countryDisplayName) VALUES(' ""CXR""','Christmas Island')",,,
China," ""CN"""," ""CHN"""," ""156"""," ""35"""," ""105""","INSERT INTO COUNTRY (countryKey,countryDisplayName) VALUES(' ""CCK""','Cocos (Keeling) Islands')",,,
Christmas Island," ""CX"""," ""CXR"""," ""162"""," ""-10.5"""," ""105.6667""","INSERT INTO COUNTRY (countryKey,countryDisplayName) VALUES(' ""COL""','Colombia')",,,
Cocos (Keeling) Islands," ""CC"""," ""CCK"""," ""166"""," ""-12.5"""," ""96.8333""","INSERT INTO COUNTRY (countryKey,countryDisplayName) VALUES(' ""COM""','Comoros')",,,
Colombia," ""CO"""," ""COL"""," ""170"""," ""4"""," ""-72""","INSERT INTO COUNTRY (countryKey,countryDisplayName) VALUES(' ""COG""','Congo')",,,
Comoros," ""KM"""," ""COM"""," ""174"""," ""-12.1667"""," ""44.25""","INSERT INTO COUNTRY (countryKey,countryDisplayName) VALUES(' ""COD""','Congo, the Democratic Republic of the')",,,
Congo," ""CG"""," ""COG"""," ""178"""," ""-1"""," ""15""","INSERT INTO COUNTRY (countryKey,countryDisplayName) VALUES(' ""COK""','Cook Islands')",,,
"Congo, the Democratic Republic of the"," ""CD"""," ""COD"""," ""180"""," ""0"""," ""25""","INSERT INTO COUNTRY (countryKey,countryDisplayName) VALUES(' ""CRI""','Costa Rica')",,,
Cook Islands," ""CK"""," ""COK"""," ""184"""," ""-21.2333"""," ""-159.7667""","INSERT INTO COUNTRY (countryKey,countryDisplayName) VALUES(' ""CIV""','Côte d'Ivoire')",,,
Costa Rica," ""CR"""," ""CRI"""," ""188"""," ""10"""," ""-84""","INSERT INTO COUNTRY (countryKey,countryDisplayName) VALUES(' ""CIV""','Ivory Coast')",,,
Côte d'Ivoire," ""CI"""," ""CIV"""," ""384"""," ""8"""," ""-5""","INSERT INTO COUNTRY (countryKey,countryDisplayName) VALUES(' ""HRV""','Croatia')",,,
Ivory Coast," ""CI"""," ""CIV"""," ""384"""," ""8"""," ""-5""","INSERT INTO COUNTRY (countryKey,countryDisplayName) VALUES(' ""CUB""','Cuba')",,,
Croatia," ""HR"""," ""HRV"""," ""191"""," ""45.1667"""," ""15.5""","INSERT INTO COUNTRY (countryKey,countryDisplayName) VALUES(' ""CYP""','Cyprus')",,,
Cuba," ""CU"""," ""CUB"""," ""192"""," ""21.5"""," ""-80""","INSERT INTO COUNTRY (countryKey,countryDisplayName) VALUES(' ""CZE""','Czech Republic')",,,
Cyprus," ""CY"""," ""CYP"""," ""196"""," ""35"""," ""33""","INSERT INTO COUNTRY (countryKey,countryDisplayName) VALUES(' ""DNK""','Denmark')",,,
Czech Republic," ""CZ"""," ""CZE"""," ""203"""," ""49.75"""," ""15.5""","INSERT INTO COUNTRY (countryKey,countryDisplayName) VALUES(' ""DJI""','Djibouti')",,,
Denmark," ""DK"""," ""DNK"""," ""208"""," ""56"""," ""10""","INSERT INTO COUNTRY (countryKey,countryDisplayName) VALUES(' ""DMA""','Dominica')",,,
Djibouti," ""DJ"""," ""DJI"""," ""262"""," ""11.5"""," ""43""","INSERT INTO COUNTRY (countryKey,countryDisplayName) VALUES(' ""DOM""','Dominican Republic')",,,
Dominica," ""DM"""," ""DMA"""," ""212"""," ""15.4167"""," ""-61.3333""","INSERT INTO COUNTRY (countryKey,countryDisplayName) VALUES(' ""ECU""','Ecuador')",,,
Dominican Republic," ""DO"""," ""DOM"""," ""214"""," ""19"""," ""-70.6667""","INSERT INTO COUNTRY (countryKey,countryDisplayName) VALUES(' ""EGY""','Egypt')",,,
Ecuador," ""EC"""," ""ECU"""," ""218"""," ""-2"""," ""-77.5""","INSERT INTO COUNTRY (countryKey,countryDisplayName) VALUES(' ""SLV""','El Salvador')",,,
Egypt," ""EG"""," ""EGY"""," ""818"""," ""27"""," ""30""","INSERT INTO COUNTRY (countryKey,countryDisplayName) VALUES(' ""GNQ""','Equatorial Guinea')",,,
El Salvador," ""SV"""," ""SLV"""," ""222"""," ""13.8333"""," ""-88.9167""","INSERT INTO COUNTRY (countryKey,countryDisplayName) VALUES(' ""ERI""','Eritrea')",,,
Equatorial Guinea," ""GQ"""," ""GNQ"""," ""226"""," ""2"""," ""10""","INSERT INTO COUNTRY (countryKey,countryDisplayName) VALUES(' ""EST""','Estonia')",,,
Eritrea," ""ER"""," ""ERI"""," ""232"""," ""15"""," ""39""","INSERT INTO COUNTRY (countryKey,countryDisplayName) VALUES(' ""ETH""','Ethiopia')",,,
Estonia," ""EE"""," ""EST"""," ""233"""," ""59"""," ""26""","INSERT INTO COUNTRY (countryKey,countryDisplayName) VALUES(' ""FLK""','Falkland Islands (Malvinas)')",,,
Ethiopia," ""ET"""," ""ETH"""," ""231"""," ""8"""," ""38""","INSERT INTO COUNTRY (countryKey,countryDisplayName) VALUES(' ""FRO""','Faroe Islands')",,,
Falkland Islands (Malvinas)," ""FK"""," ""FLK"""," ""238"""," ""-51.75"""," ""-59""","INSERT INTO COUNTRY (countryKey,countryDisplayName) VALUES(' ""FJI""','Fiji')",,,
Faroe Islands," ""FO"""," ""FRO"""," ""234"""," ""62"""," ""-7""","INSERT INTO COUNTRY (countryKey,countryDisplayName) VALUES(' ""FIN""','Finland')",,,
Fiji," ""FJ"""," ""FJI"""," ""242"""," ""-18"""," ""175""","INSERT INTO COUNTRY (countryKey,countryDisplayName) VALUES(' ""FRA""','France')",,,
Finland," ""FI"""," ""FIN"""," ""246"""," ""64"""," ""26""","INSERT INTO COUNTRY (countryKey,countryDisplayName) VALUES(' ""GUF""','French Guiana')",,,
France," ""FR"""," ""FRA"""," ""250"""," ""46"""," ""2""","INSERT INTO COUNTRY (countryKey,countryDisplayName) VALUES(' ""PYF""','French Polynesia')",,,
French Guiana," ""GF"""," ""GUF"""," ""254"""," ""4"""," ""-53""","INSERT INTO COUNTRY (countryKey,countryDisplayName) VALUES(' ""ATF""','French Southern Territories')",,,
French Polynesia," ""PF"""," ""PYF"""," ""258"""," ""-15"""," ""-140""","INSERT INTO COUNTRY (countryKey,countryDisplayName) VALUES(' ""GAB""','Gabon')",,,
French Southern Territories," ""TF"""," ""ATF"""," ""260"""," ""-43"""," ""67""","INSERT INTO COUNTRY (countryKey,countryDisplayName) VALUES(' ""GMB""','Gambia')",,,
Gabon," ""GA"""," ""GAB"""," ""266"""," ""-1"""," ""11.75""","INSERT INTO COUNTRY (countryKey,countryDisplayName) VALUES(' ""GEO""','Georgia')",,,
Gambia," ""GM"""," ""GMB"""," ""270"""," ""13.4667"""," ""-16.5667""","INSERT INTO COUNTRY (countryKey,countryDisplayName) VALUES(' ""DEU""','Germany')",,,
Georgia," ""GE"""," ""GEO"""," ""268"""," ""42"""," ""43.5""","INSERT INTO COUNTRY (countryKey,countryDisplayName) VALUES(' ""GHA""','Ghana')",,,
Germany," ""DE"""," ""DEU"""," ""276"""," ""51"""," ""9""","INSERT INTO COUNTRY (countryKey,countryDisplayName) VALUES(' ""GIB""','Gibraltar')",,,
Ghana," ""GH"""," ""GHA"""," ""288"""," ""8"""," ""-2""","INSERT INTO COUNTRY (countryKey,countryDisplayName) VALUES(' ""GRC""','Greece')",,,
Gibraltar," ""GI"""," ""GIB"""," ""292"""," ""36.1833"""," ""-5.3667""","INSERT INTO COUNTRY (countryKey,countryDisplayName) VALUES(' ""GRL""','Greenland')",,,
Greece," ""GR"""," ""GRC"""," ""300"""," ""39"""," ""22""","INSERT INTO COUNTRY (countryKey,countryDisplayName) VALUES(' ""GRD""','Grenada')",,,
Greenland," ""GL"""," ""GRL"""," ""304"""," ""72"""," ""-40""","INSERT INTO COUNTRY (countryKey,countryDisplayName) VALUES(' ""GLP""','Guadeloupe')",,,
Grenada," ""GD"""," ""GRD"""," ""308"""," ""12.1167"""," ""-61.6667""","INSERT INTO COUNTRY (countryKey,countryDisplayName) VALUES(' ""GUM""','Guam')",,,
Guadeloupe," ""GP"""," ""GLP"""," ""312"""," ""16.25"""," ""-61.5833""","INSERT INTO COUNTRY (countryKey,countryDisplayName) VALUES(' ""GTM""','Guatemala')",,,
Guam," ""GU"""," ""GUM"""," ""316"""," ""13.4667"""," ""144.7833""","INSERT INTO COUNTRY (countryKey,countryDisplayName) VALUES(' ""GGY""','Guernsey')",,,
Guatemala," ""GT"""," ""GTM"""," ""320"""," ""15.5"""," ""-90.25""","INSERT INTO COUNTRY (countryKey,countryDisplayName) VALUES(' ""GIN""','Guinea')",,,
Guernsey," ""GG"""," ""GGY"""," ""831"""," ""49.5"""," ""-2.56""","INSERT INTO COUNTRY (countryKey,countryDisplayName) VALUES(' ""GNB""','Guinea-Bissau')",,,
Guinea," ""GN"""," ""GIN"""," ""324"""," ""11"""," ""-10""","INSERT INTO COUNTRY (countryKey,countryDisplayName) VALUES(' ""GUY""','Guyana')",,,
Guinea-Bissau," ""GW"""," ""GNB"""," ""624"""," ""12"""," ""-15""","INSERT INTO COUNTRY (countryKey,countryDisplayName) VALUES(' ""HTI""','Haiti')",,,
Guyana," ""GY"""," ""GUY"""," ""328"""," ""5"""," ""-59""","INSERT INTO COUNTRY (countryKey,countryDisplayName) VALUES(' ""HMD""','Heard Island and McDonald Islands')",,,
Haiti," ""HT"""," ""HTI"""," ""332"""," ""19"""," ""-72.4167""","INSERT INTO COUNTRY (countryKey,countryDisplayName) VALUES(' ""VAT""','Holy See (Vatican City State)')",,,
Heard Island and McDonald Islands," ""HM"""," ""HMD"""," ""334"""," ""-53.1"""," ""72.5167""","INSERT INTO COUNTRY (countryKey,countryDisplayName) VALUES(' ""HND""','Honduras')",,,
Holy See (Vatican City State)," ""VA"""," ""VAT"""," ""336"""," ""41.9"""," ""12.45""","INSERT INTO COUNTRY (countryKey,countryDisplayName) VALUES(' ""HKG""','Hong Kong')",,,
Honduras," ""HN"""," ""HND"""," ""340"""," ""15"""," ""-86.5""","INSERT INTO COUNTRY (countryKey,countryDisplayName) VALUES(' ""HUN""','Hungary')",,,
Hong Kong," ""HK"""," ""HKG"""," ""344"""," ""22.25"""," ""114.1667""","INSERT INTO COUNTRY (countryKey,countryDisplayName) VALUES(' ""ISL""','Iceland')",,,
Hungary," ""HU"""," ""HUN"""," ""348"""," ""47"""," ""20""","INSERT INTO COUNTRY (countryKey,countryDisplayName) VALUES(' ""IND""','India')",,,
Iceland," ""IS"""," ""ISL"""," ""352"""," ""65"""," ""-18""","INSERT INTO COUNTRY (countryKey,countryDisplayName) VALUES(' ""IDN""','Indonesia')",,,
India," ""IN"""," ""IND"""," ""356"""," ""20"""," ""77""","INSERT INTO COUNTRY (countryKey,countryDisplayName) VALUES(' ""IRN""','Iran, Islamic Republic of')",,,
Indonesia," ""ID"""," ""IDN"""," ""360"""," ""-5"""," ""120""","INSERT INTO COUNTRY (countryKey,countryDisplayName) VALUES(' ""IRQ""','Iraq')",,,
"Iran, Islamic Republic of"," ""IR"""," ""IRN"""," ""364"""," ""32"""," ""53""","INSERT INTO COUNTRY (countryKey,countryDisplayName) VALUES(' ""IRL""','Ireland')",,,
Iraq," ""IQ"""," ""IRQ"""," ""368"""," ""33"""," ""44""","INSERT INTO COUNTRY (countryKey,countryDisplayName) VALUES(' ""IMN""','Isle of Man')",,,
Ireland," ""IE"""," ""IRL"""," ""372"""," ""53"""," ""-8""","INSERT INTO COUNTRY (countryKey,countryDisplayName) VALUES(' ""ISR""','Israel')",,,
Isle of Man," ""IM"""," ""IMN"""," ""833"""," ""54.23"""," ""-4.55""","INSERT INTO COUNTRY (countryKey,countryDisplayName) VALUES(' ""ITA""','Italy')",,,
Israel," ""IL"""," ""ISR"""," ""376"""," ""31.5"""," ""34.75""","INSERT INTO COUNTRY (countryKey,countryDisplayName) VALUES(' ""JAM""','Jamaica')",,,
Italy," ""IT"""," ""ITA"""," ""380"""," ""42.8333"""," ""12.8333""","INSERT INTO COUNTRY (countryKey,countryDisplayName) VALUES(' ""JPN""','Japan')",,,
Jamaica," ""JM"""," ""JAM"""," ""388"""," ""18.25"""," ""-77.5""","INSERT INTO COUNTRY (countryKey,countryDisplayName) VALUES(' ""JEY""','Jersey')",,,
Japan," ""JP"""," ""JPN"""," ""392"""," ""36"""," ""138""","INSERT INTO COUNTRY (countryKey,countryDisplayName) VALUES(' ""JOR""','Jordan')",,,
Jersey," ""JE"""," ""JEY"""," ""832"""," ""49.21"""," ""-2.13""","INSERT INTO COUNTRY (countryKey,countryDisplayName) VALUES(' ""KAZ""','Kazakhstan')",,,
Jordan," ""JO"""," ""JOR"""," ""400"""," ""31"""," ""36""","INSERT INTO COUNTRY (countryKey,countryDisplayName) VALUES(' ""KEN""','Kenya')",,,
Kazakhstan," ""KZ"""," ""KAZ"""," ""398"""," ""48"""," ""68""","INSERT INTO COUNTRY (countryKey,countryDisplayName) VALUES(' ""KIR""','Kiribati')",,,
Kenya," ""KE"""," ""KEN"""," ""404"""," ""1"""," ""38""","INSERT INTO COUNTRY (countryKey,countryDisplayName) VALUES(' ""PRK""','Korea, Democratic People's Republic of')",,,
Kiribati," ""KI"""," ""KIR"""," ""296"""," ""1.4167"""," ""173""","INSERT INTO COUNTRY (countryKey,countryDisplayName) VALUES(' ""KOR""','Korea, Republic of')",,,
"Korea, Democratic People's Republic of"," ""KP"""," ""PRK"""," ""408"""," ""40"""," ""127""","INSERT INTO COUNTRY (countryKey,countryDisplayName) VALUES(' ""KOR""','South Korea')",,,
"Korea, Republic of"," ""KR"""," ""KOR"""," ""410"""," ""37"""," ""127.5""","INSERT INTO COUNTRY (countryKey,countryDisplayName) VALUES(' ""KWT""','Kuwait')",,,
South Korea," ""KR"""," ""KOR"""," ""410"""," ""37"""," ""127.5""","INSERT INTO COUNTRY (countryKey,countryDisplayName) VALUES(' ""KGZ""','Kyrgyzstan')",,,
Kuwait," ""KW"""," ""KWT"""," ""414"""," ""29.3375"""," ""47.6581""","INSERT INTO COUNTRY (countryKey,countryDisplayName) VALUES(' ""LAO""','Lao People's Democratic Republic')",,,
Kyrgyzstan," ""KG"""," ""KGZ"""," ""417"""," ""41"""," ""75""","INSERT INTO COUNTRY (countryKey,countryDisplayName) VALUES(' ""LVA""','Latvia')",,,
Lao People's Democratic Republic," ""LA"""," ""LAO"""," ""418"""," ""18"""," ""105""","INSERT INTO COUNTRY (countryKey,countryDisplayName) VALUES(' ""LBN""','Lebanon')",,,
Latvia," ""LV"""," ""LVA"""," ""428"""," ""57"""," ""25""","INSERT INTO COUNTRY (countryKey,countryDisplayName) VALUES(' ""LSO""','Lesotho')",,,
Lebanon," ""LB"""," ""LBN"""," ""422"""," ""33.8333"""," ""35.8333""","INSERT INTO COUNTRY (countryKey,countryDisplayName) VALUES(' ""LBR""','Liberia')",,,
Lesotho," ""LS"""," ""LSO"""," ""426"""," ""-29.5"""," ""28.5""","INSERT INTO COUNTRY (countryKey,countryDisplayName) VALUES(' ""LBY""','Libyan Arab Jamahiriya')",,,
Liberia," ""LR"""," ""LBR"""," ""430"""," ""6.5"""," ""-9.5""","INSERT INTO COUNTRY (countryKey,countryDisplayName) VALUES(' ""LBY""','Libya')",,,
Libyan Arab Jamahiriya," ""LY"""," ""LBY"""," ""434"""," ""25"""," ""17""","INSERT INTO COUNTRY (countryKey,countryDisplayName) VALUES(' ""LIE""','Liechtenstein')",,,
Libya," ""LY"""," ""LBY"""," ""434"""," ""25"""," ""17""","INSERT INTO COUNTRY (countryKey,countryDisplayName) VALUES(' ""LTU""','Lithuania')",,,
Liechtenstein," ""LI"""," ""LIE"""," ""438"""," ""47.1667"""," ""9.5333""","INSERT INTO COUNTRY (countryKey,countryDisplayName) VALUES(' ""LUX""','Luxembourg')",,,
Lithuania," ""LT"""," ""LTU"""," ""440"""," ""56"""," ""24""","INSERT INTO COUNTRY (countryKey,countryDisplayName) VALUES(' ""MAC""','Macao')",,,
Luxembourg," ""LU"""," ""LUX"""," ""442"""," ""49.75"""," ""6.1667""","INSERT INTO COUNTRY (countryKey,countryDisplayName) VALUES(' ""MKD""','Macedonia, the former Yugoslav Republic of')",,,
Macao," ""MO"""," ""MAC"""," ""446"""," ""22.1667"""," ""113.55""","INSERT INTO COUNTRY (countryKey,countryDisplayName) VALUES(' ""MDG""','Madagascar')",,,
"Macedonia, the former Yugoslav Republic of"," ""MK"""," ""MKD"""," ""807"""," ""41.8333"""," ""22""","INSERT INTO COUNTRY (countryKey,countryDisplayName) VALUES(' ""MWI""','Malawi')",,,
Madagascar," ""MG"""," ""MDG"""," ""450"""," ""-20"""," ""47""","INSERT INTO COUNTRY (countryKey,countryDisplayName) VALUES(' ""MYS""','Malaysia')",,,
Malawi," ""MW"""," ""MWI"""," ""454"""," ""-13.5"""," ""34""","INSERT INTO COUNTRY (countryKey,countryDisplayName) VALUES(' ""MDV""','Maldives')",,,
Malaysia," ""MY"""," ""MYS"""," ""458"""," ""2.5"""," ""112.5""","INSERT INTO COUNTRY (countryKey,countryDisplayName) VALUES(' ""MLI""','Mali')",,,
Maldives," ""MV"""," ""MDV"""," ""462"""," ""3.25"""," ""73""","INSERT INTO COUNTRY (countryKey,countryDisplayName) VALUES(' ""MLT""','Malta')",,,
Mali," ""ML"""," ""MLI"""," ""466"""," ""17"""," ""-4""","INSERT INTO COUNTRY (countryKey,countryDisplayName) VALUES(' ""MHL""','Marshall Islands')",,,
Malta," ""MT"""," ""MLT"""," ""470"""," ""35.8333"""," ""14.5833""","INSERT INTO COUNTRY (countryKey,countryDisplayName) VALUES(' ""MTQ""','Martinique')",,,
Marshall Islands," ""MH"""," ""MHL"""," ""584"""," ""9"""," ""168""","INSERT INTO COUNTRY (countryKey,countryDisplayName) VALUES(' ""MRT""','Mauritania')",,,
Martinique," ""MQ"""," ""MTQ"""," ""474"""," ""14.6667"""," ""-61""","INSERT INTO COUNTRY (countryKey,countryDisplayName) VALUES(' ""MUS""','Mauritius')",,,
Mauritania," ""MR"""," ""MRT"""," ""478"""," ""20"""," ""-12""","INSERT INTO COUNTRY (countryKey,countryDisplayName) VALUES(' ""MYT""','Mayotte')",,,
Mauritius," ""MU"""," ""MUS"""," ""480"""," ""-20.2833"""," ""57.55""","INSERT INTO COUNTRY (countryKey,countryDisplayName) VALUES(' ""MEX""','Mexico')",,,
Mayotte," ""YT"""," ""MYT"""," ""175"""," ""-12.8333"""," ""45.1667""","INSERT INTO COUNTRY (countryKey,countryDisplayName) VALUES(' ""FSM""','Micronesia, Federated States of')",,,
Mexico," ""MX"""," ""MEX"""," ""484"""," ""23"""," ""-102""","INSERT INTO COUNTRY (countryKey,countryDisplayName) VALUES(' ""MDA""','Moldova, Republic of')",,,
"Micronesia, Federated States of"," ""FM"""," ""FSM"""," ""583"""," ""6.9167"""," ""158.25""","INSERT INTO COUNTRY (countryKey,countryDisplayName) VALUES(' ""MCO""','Monaco')",,,
"Moldova, Republic of"," ""MD"""," ""MDA"""," ""498"""," ""47"""," ""29""","INSERT INTO COUNTRY (countryKey,countryDisplayName) VALUES(' ""MNG""','Mongolia')",,,
Monaco," ""MC"""," ""MCO"""," ""492"""," ""43.7333"""," ""7.4""","INSERT INTO COUNTRY (countryKey,countryDisplayName) VALUES(' ""MNE""','Montenegro')",,,
Mongolia," ""MN"""," ""MNG"""," ""496"""," ""46"""," ""105""","INSERT INTO COUNTRY (countryKey,countryDisplayName) VALUES(' ""MSR""','Montserrat')",,,
Montenegro," ""ME"""," ""MNE"""," ""499"""," ""42"""," ""19""","INSERT INTO COUNTRY (countryKey,countryDisplayName) VALUES(' ""MAR""','Morocco')",,,
Montserrat," ""MS"""," ""MSR"""," ""500"""," ""16.75"""," ""-62.2""","INSERT INTO COUNTRY (countryKey,countryDisplayName) VALUES(' ""MOZ""','Mozambique')",,,
Morocco," ""MA"""," ""MAR"""," ""504"""," ""32"""," ""-5""","INSERT INTO COUNTRY (countryKey,countryDisplayName) VALUES(' ""MMR""','Myanmar')",,,
Mozambique," ""MZ"""," ""MOZ"""," ""508"""," ""-18.25"""," ""35""","INSERT INTO COUNTRY (countryKey,countryDisplayName) VALUES(' ""MMR""','Burma')",,,
Myanmar," ""MM"""," ""MMR"""," ""104"""," ""22"""," ""98""","INSERT INTO COUNTRY (countryKey,countryDisplayName) VALUES(' ""NAM""','Namibia')",,,
Burma," ""MM"""," ""MMR"""," ""104"""," ""22"""," ""98""","INSERT INTO COUNTRY (countryKey,countryDisplayName) VALUES(' ""NRU""','Nauru')",,,
Namibia," ""NA"""," ""NAM"""," ""516"""," ""-22"""," ""17""","INSERT INTO COUNTRY (countryKey,countryDisplayName) VALUES(' ""NPL""','Nepal')",,,
Nauru," ""NR"""," ""NRU"""," ""520"""," ""-0.5333"""," ""166.9167""","INSERT INTO COUNTRY (countryKey,countryDisplayName) VALUES(' ""NLD""','Netherlands')",,,
Nepal," ""NP"""," ""NPL"""," ""524"""," ""28"""," ""84""","INSERT INTO COUNTRY (countryKey,countryDisplayName) VALUES(' ""ANT""','Netherlands Antilles')",,,
Netherlands," ""NL"""," ""NLD"""," ""528"""," ""52.5"""," ""5.75""","INSERT INTO COUNTRY (countryKey,countryDisplayName) VALUES(' ""NCL""','New Caledonia')",,,
Netherlands Antilles," ""AN"""," ""ANT"""," ""530"""," ""12.25"""," ""-68.75""","INSERT INTO COUNTRY (countryKey,countryDisplayName) VALUES(' ""NZL""','New Zealand')",,,
New Caledonia," ""NC"""," ""NCL"""," ""540"""," ""-21.5"""," ""165.5""","INSERT INTO COUNTRY (countryKey,countryDisplayName) VALUES(' ""NIC""','Nicaragua')",,,
New Zealand," ""NZ"""," ""NZL"""," ""554"""," ""-41"""," ""174""","INSERT INTO COUNTRY (countryKey,countryDisplayName) VALUES(' ""NER""','Niger')",,,
Nicaragua," ""NI"""," ""NIC"""," ""558"""," ""13"""," ""-85""","INSERT INTO COUNTRY (countryKey,countryDisplayName) VALUES(' ""NGA""','Nigeria')",,,
Niger," ""NE"""," ""NER"""," ""562"""," ""16"""," ""8""","INSERT INTO COUNTRY (countryKey,countryDisplayName) VALUES(' ""NIU""','Niue')",,,
Nigeria," ""NG"""," ""NGA"""," ""566"""," ""10"""," ""8""","INSERT INTO COUNTRY (countryKey,countryDisplayName) VALUES(' ""NFK""','Norfolk Island')",,,
Niue," ""NU"""," ""NIU"""," ""570"""," ""-19.0333"""," ""-169.8667""","INSERT INTO COUNTRY (countryKey,countryDisplayName) VALUES(' ""MNP""','Northern Mariana Islands')",,,
Norfolk Island," ""NF"""," ""NFK"""," ""574"""," ""-29.0333"""," ""167.95""","INSERT INTO COUNTRY (countryKey,countryDisplayName) VALUES(' ""NOR""','Norway')",,,
Northern Mariana Islands," ""MP"""," ""MNP"""," ""580"""," ""15.2"""," ""145.75""","INSERT INTO COUNTRY (countryKey,countryDisplayName) VALUES(' ""OMN""','Oman')",,,
Norway," ""NO"""," ""NOR"""," ""578"""," ""62"""," ""10""","INSERT INTO COUNTRY (countryKey,countryDisplayName) VALUES(' ""PAK""','Pakistan')",,,
Oman," ""OM"""," ""OMN"""," ""512"""," ""21"""," ""57""","INSERT INTO COUNTRY (countryKey,countryDisplayName) VALUES(' ""PLW""','Palau')",,,
Pakistan," ""PK"""," ""PAK"""," ""586"""," ""30"""," ""70""","INSERT INTO COUNTRY (countryKey,countryDisplayName) VALUES(' ""PSE""','Palestinian Territory, Occupied')",,,
Palau," ""PW"""," ""PLW"""," ""585"""," ""7.5"""," ""134.5""","INSERT INTO COUNTRY (countryKey,countryDisplayName) VALUES(' ""PAN""','Panama')",,,
"Palestinian Territory, Occupied"," ""PS"""," ""PSE"""," ""275"""," ""32"""," ""35.25""","INSERT INTO COUNTRY (countryKey,countryDisplayName) VALUES(' ""PNG""','Papua New Guinea')",,,
Panama," ""PA"""," ""PAN"""," ""591"""," ""9"""," ""-80""","INSERT INTO COUNTRY (countryKey,countryDisplayName) VALUES(' ""PRY""','Paraguay')",,,
Papua New Guinea," ""PG"""," ""PNG"""," ""598"""," ""-6"""," ""147""","INSERT INTO COUNTRY (countryKey,countryDisplayName) VALUES(' ""PER""','Peru')",,,
Paraguay," ""PY"""," ""PRY"""," ""600"""," ""-23"""," ""-58""","INSERT INTO COUNTRY (countryKey,countryDisplayName) VALUES(' ""PHL""','Philippines')",,,
Peru," ""PE"""," ""PER"""," ""604"""," ""-10"""," ""-76""","INSERT INTO COUNTRY (countryKey,countryDisplayName) VALUES(' ""PCN""','Pitcairn')",,,
Philippines," ""PH"""," ""PHL"""," ""608"""," ""13"""," ""122""","INSERT INTO COUNTRY (countryKey,countryDisplayName) VALUES(' ""POL""','Poland')",,,
Pitcairn," ""PN"""," ""PCN"""," ""612"""," ""-24.7"""," ""-127.4""","INSERT INTO COUNTRY (countryKey,countryDisplayName) VALUES(' ""PRT""','Portugal')",,,
Poland," ""PL"""," ""POL"""," ""616"""," ""52"""," ""20""","INSERT INTO COUNTRY (countryKey,countryDisplayName) VALUES(' ""PRI""','Puerto Rico')",,,
Portugal," ""PT"""," ""PRT"""," ""620"""," ""39.5"""," ""-8""","INSERT INTO COUNTRY (countryKey,countryDisplayName) VALUES(' ""QAT""','Qatar')",,,
Puerto Rico," ""PR"""," ""PRI"""," ""630"""," ""18.25"""," ""-66.5""","INSERT INTO COUNTRY (countryKey,countryDisplayName) VALUES(' ""REU""','Réunion')",,,
Qatar," ""QA"""," ""QAT"""," ""634"""," ""25.5"""," ""51.25""","INSERT INTO COUNTRY (countryKey,countryDisplayName) VALUES(' ""ROU""','Romania')",,,
Réunion," ""RE"""," ""REU"""," ""638"""," ""-21.1"""," ""55.6""","INSERT INTO COUNTRY (countryKey,countryDisplayName) VALUES(' ""RUS""','Russian Federation')",,,
Romania," ""RO"""," ""ROU"""," ""642"""," ""46"""," ""25""","INSERT INTO COUNTRY (countryKey,countryDisplayName) VALUES(' ""RUS""','Russia')",,,
Russian Federation," ""RU"""," ""RUS"""," ""643"""," ""60"""," ""100""","INSERT INTO COUNTRY (countryKey,countryDisplayName) VALUES(' ""RWA""','Rwanda')",,,
Russia," ""RU"""," ""RUS"""," ""643"""," ""60"""," ""100""","INSERT INTO COUNTRY (countryKey,countryDisplayName) VALUES(' ""SHN""','Saint Helena, Ascension and Tristan da Cunha')",,,
Rwanda," ""RW"""," ""RWA"""," ""646"""," ""-2"""," ""30""","INSERT INTO COUNTRY (countryKey,countryDisplayName) VALUES(' ""KNA""','Saint Kitts and Nevis')",,,
"Saint Helena, Ascension and Tristan da Cunha"," ""SH"""," ""SHN"""," ""654"""," ""-15.9333"""," ""-5.7""","INSERT INTO COUNTRY (countryKey,countryDisplayName) VALUES(' ""LCA""','Saint Lucia')",,,
Saint Kitts and Nevis," ""KN"""," ""KNA"""," ""659"""," ""17.3333"""," ""-62.75""","INSERT INTO COUNTRY (countryKey,countryDisplayName) VALUES(' ""SPM""','Saint Pierre and Miquelon')",,,
Saint Lucia," ""LC"""," ""LCA"""," ""662"""," ""13.8833"""," ""-61.1333""","INSERT INTO COUNTRY (countryKey,countryDisplayName) VALUES(' ""VCT""','Saint Vincent and the Grenadines')",,,
Saint Pierre and Miquelon," ""PM"""," ""SPM"""," ""666"""," ""46.8333"""," ""-56.3333""","INSERT INTO COUNTRY (countryKey,countryDisplayName) VALUES(' ""VCT""','Saint Vincent & the Grenadines')",,,
Saint Vincent and the Grenadines," ""VC"""," ""VCT"""," ""670"""," ""13.25"""," ""-61.2""","INSERT INTO COUNTRY (countryKey,countryDisplayName) VALUES(' ""VCT""','St. Vincent and the Grenadines')",,,
Saint Vincent & the Grenadines," ""VC"""," ""VCT"""," ""670"""," ""13.25"""," ""-61.2""","INSERT INTO COUNTRY (countryKey,countryDisplayName) VALUES(' ""WSM""','Samoa')",,,
St. Vincent and the Grenadines," ""VC"""," ""VCT"""," ""670"""," ""13.25"""," ""-61.2""","INSERT INTO COUNTRY (countryKey,countryDisplayName) VALUES(' ""SMR""','San Marino')",,,
Samoa," ""WS"""," ""WSM"""," ""882"""," ""-13.5833"""," ""-172.3333""","INSERT INTO COUNTRY (countryKey,countryDisplayName) VALUES(' ""STP""','Sao Tome and Principe')",,,
San Marino," ""SM"""," ""SMR"""," ""674"""," ""43.7667"""," ""12.4167""","INSERT INTO COUNTRY (countryKey,countryDisplayName) VALUES(' ""SAU""','Saudi Arabia')",,,
Sao Tome and Principe," ""ST"""," ""STP"""," ""678"""," ""1"""," ""7""","INSERT INTO COUNTRY (countryKey,countryDisplayName) VALUES(' ""SEN""','Senegal')",,,
Saudi Arabia," ""SA"""," ""SAU"""," ""682"""," ""25"""," ""45""","INSERT INTO COUNTRY (countryKey,countryDisplayName) VALUES(' ""SRB""','Serbia')",,,
Senegal," ""SN"""," ""SEN"""," ""686"""," ""14"""," ""-14""","INSERT INTO COUNTRY (countryKey,countryDisplayName) VALUES(' ""SYC""','Seychelles')",,,
Serbia," ""RS"""," ""SRB"""," ""688"""," ""44"""," ""21""","INSERT INTO COUNTRY (countryKey,countryDisplayName) VALUES(' ""SLE""','Sierra Leone')",,,
Seychelles," ""SC"""," ""SYC"""," ""690"""," ""-4.5833"""," ""55.6667""","INSERT INTO COUNTRY (countryKey,countryDisplayName) VALUES(' ""SGP""','Singapore')",,,
Sierra Leone," ""SL"""," ""SLE"""," ""694"""," ""8.5"""," ""-11.5""","INSERT INTO COUNTRY (countryKey,countryDisplayName) VALUES(' ""SVK""','Slovakia')",,,
Singapore," ""SG"""," ""SGP"""," ""702"""," ""1.3667"""," ""103.8""","INSERT INTO COUNTRY (countryKey,countryDisplayName) VALUES(' ""SVN""','Slovenia')",,,
Slovakia," ""SK"""," ""SVK"""," ""703"""," ""48.6667"""," ""19.5""","INSERT INTO COUNTRY (countryKey,countryDisplayName) VALUES(' ""SLB""','Solomon Islands')",,,
Slovenia," ""SI"""," ""SVN"""," ""705"""," ""46"""," ""15""","INSERT INTO COUNTRY (countryKey,countryDisplayName) VALUES(' ""SOM""','Somalia')",,,
Solomon Islands," ""SB"""," ""SLB"""," ""90"""," ""-8"""," ""159""","INSERT INTO COUNTRY (countryKey,countryDisplayName) VALUES(' ""ZAF""','South Africa')",,,
Somalia," ""SO"""," ""SOM"""," ""706"""," ""10"""," ""49""","INSERT INTO COUNTRY (countryKey,countryDisplayName) VALUES(' ""SGS""','South Georgia and the South Sandwich Islands')",,,
South Africa," ""ZA"""," ""ZAF"""," ""710"""," ""-29"""," ""24""","INSERT INTO COUNTRY (countryKey,countryDisplayName) VALUES(' ""SSD""','South Sudan')",,,
South Georgia and the South Sandwich Islands," ""GS"""," ""SGS"""," ""239"""," ""-54.5"""," ""-37""","INSERT INTO COUNTRY (countryKey,countryDisplayName) VALUES(' ""ESP""','Spain')",,,
South Sudan," ""SS"""," ""SSD"""," ""728"""," ""8"""," ""30""","INSERT INTO COUNTRY (countryKey,countryDisplayName) VALUES(' ""LKA""','Sri Lanka')",,,
Spain," ""ES"""," ""ESP"""," ""724"""," ""40"""," ""-4""","INSERT INTO COUNTRY (countryKey,countryDisplayName) VALUES(' ""SDN""','Sudan')",,,
Sri Lanka," ""LK"""," ""LKA"""," ""144"""," ""7"""," ""81""","INSERT INTO COUNTRY (countryKey,countryDisplayName) VALUES(' ""SUR""','Suriname')",,,
Sudan," ""SD"""," ""SDN"""," ""736"""," ""15"""," ""30""","INSERT INTO COUNTRY (countryKey,countryDisplayName) VALUES(' ""SJM""','Svalbard and Jan Mayen')",,,
Suriname," ""SR"""," ""SUR"""," ""740"""," ""4"""," ""-56""","INSERT INTO COUNTRY (countryKey,countryDisplayName) VALUES(' ""SWZ""','Swaziland')",,,
Svalbard and Jan Mayen," ""SJ"""," ""SJM"""," ""744"""," ""78"""," ""20""","INSERT INTO COUNTRY (countryKey,countryDisplayName) VALUES(' ""SWE""','Sweden')",,,
Swaziland," ""SZ"""," ""SWZ"""," ""748"""," ""-26.5"""," ""31.5""","INSERT INTO COUNTRY (countryKey,countryDisplayName) VALUES(' ""CHE""','Switzerland')",,,
Sweden," ""SE"""," ""SWE"""," ""752"""," ""62"""," ""15""","INSERT INTO COUNTRY (countryKey,countryDisplayName) VALUES(' ""SYR""','Syrian Arab Republic')",,,
Switzerland," ""CH"""," ""CHE"""," ""756"""," ""47"""," ""8""","INSERT INTO COUNTRY (countryKey,countryDisplayName) VALUES(' ""TWN""','Taiwan, Province of China')",,,
Syrian Arab Republic," ""SY"""," ""SYR"""," ""760"""," ""35"""," ""38""","INSERT INTO COUNTRY (countryKey,countryDisplayName) VALUES(' ""TWN""','Taiwan')",,,
"Taiwan, Province of China"," ""TW"""," ""TWN"""," ""158"""," ""23.5"""," ""121""","INSERT INTO COUNTRY (countryKey,countryDisplayName) VALUES(' ""TJK""','Tajikistan')",,,
Taiwan," ""TW"""," ""TWN"""," ""158"""," ""23.5"""," ""121""","INSERT INTO COUNTRY (countryKey,countryDisplayName) VALUES(' ""TZA""','Tanzania, United Republic of')",,,
Tajikistan," ""TJ"""," ""TJK"""," ""762"""," ""39"""," ""71""","INSERT INTO COUNTRY (countryKey,countryDisplayName) VALUES(' ""THA""','Thailand')",,,
"Tanzania, United Republic of"," ""TZ"""," ""TZA"""," ""834"""," ""-6"""," ""35""","INSERT INTO COUNTRY (countryKey,countryDisplayName) VALUES(' ""TLS""','Timor-Leste')",,,
Thailand," ""TH"""," ""THA"""," ""764"""," ""15"""," ""100""","INSERT INTO COUNTRY (countryKey,countryDisplayName) VALUES(' ""TGO""','Togo')",,,
Timor-Leste," ""TL"""," ""TLS"""," ""626"""," ""-8.55"""," ""125.5167""","INSERT INTO COUNTRY (countryKey,countryDisplayName) VALUES(' ""TKL""','Tokelau')",,,
Togo," ""TG"""," ""TGO"""," ""768"""," ""8"""," ""1.1667""","INSERT INTO COUNTRY (countryKey,countryDisplayName) VALUES(' ""TON""','Tonga')",,,
Tokelau," ""TK"""," ""TKL"""," ""772"""," ""-9"""," ""-172""","INSERT INTO COUNTRY (countryKey,countryDisplayName) VALUES(' ""TTO""','Trinidad and Tobago')",,,
Tonga," ""TO"""," ""TON"""," ""776"""," ""-20"""," ""-175""","INSERT INTO COUNTRY (countryKey,countryDisplayName) VALUES(' ""TUN""','Tunisia')",,,
Trinidad and Tobago," ""TT"""," ""TTO"""," ""780"""," ""11"""," ""-61""","INSERT INTO COUNTRY (countryKey,countryDisplayName) VALUES(' ""TUR""','Turkey')",,,
Tunisia," ""TN"""," ""TUN"""," ""788"""," ""34"""," ""9""","INSERT INTO COUNTRY (countryKey,countryDisplayName) VALUES(' ""TKM""','Turkmenistan')",,,
Turkey," ""TR"""," ""TUR"""," ""792"""," ""39"""," ""35""","INSERT INTO COUNTRY (countryKey,countryDisplayName) VALUES(' ""TCA""','Turks and Caicos Islands')",,,
Turkmenistan," ""TM"""," ""TKM"""," ""795"""," ""40"""," ""60""","INSERT INTO COUNTRY (countryKey,countryDisplayName) VALUES(' ""TUV""','Tuvalu')",,,
Turks and Caicos Islands," ""TC"""," ""TCA"""," ""796"""," ""21.75"""," ""-71.5833""","INSERT INTO COUNTRY (countryKey,countryDisplayName) VALUES(' ""UGA""','Uganda')",,,
Tuvalu," ""TV"""," ""TUV"""," ""798"""," ""-8"""," ""178""","INSERT INTO COUNTRY (countryKey,countryDisplayName) VALUES(' ""UKR""','Ukraine')",,,
Uganda," ""UG"""," ""UGA"""," ""800"""," ""1"""," ""32""","INSERT INTO COUNTRY (countryKey,countryDisplayName) VALUES(' ""ARE""','United Arab Emirates')",,,
Ukraine," ""UA"""," ""UKR"""," ""804"""," ""49"""," ""32""","INSERT INTO COUNTRY (countryKey,countryDisplayName) VALUES(' ""GBR""','United Kingdom')",,,
United Arab Emirates," ""AE"""," ""ARE"""," ""784"""," ""24"""," ""54""","INSERT INTO COUNTRY (countryKey,countryDisplayName) VALUES(' ""USA""','United States')",,,
United Kingdom," ""GB"""," ""GBR"""," ""826"""," ""54"""," ""-2""","INSERT INTO COUNTRY (countryKey,countryDisplayName) VALUES(' ""UMI""','United States Minor Outlying Islands')",,,
United States," ""US"""," ""USA"""," ""840"""," ""38"""," ""-97""","INSERT INTO COUNTRY (countryKey,countryDisplayName) VALUES(' ""URY""','Uruguay')",,,
United States Minor Outlying Islands," ""UM"""," ""UMI"""," ""581"""," ""19.2833"""," ""166.6""","INSERT INTO COUNTRY (countryKey,countryDisplayName) VALUES(' ""UZB""','Uzbekistan')",,,
Uruguay," ""UY"""," ""URY"""," ""858"""," ""-33"""," ""-56""","INSERT INTO COUNTRY (countryKey,countryDisplayName) VALUES(' ""VUT""','Vanuatu')",,,
Uzbekistan," ""UZ"""," ""UZB"""," ""860"""," ""41"""," ""64""","INSERT INTO COUNTRY (countryKey,countryDisplayName) VALUES(' ""VEN""','Venezuela, Bolivarian Republic of')",,,
Vanuatu," ""VU"""," ""VUT"""," ""548"""," ""-16"""," ""167""","INSERT INTO COUNTRY (countryKey,countryDisplayName) VALUES(' ""VEN""','Venezuela')",,,
"Venezuela, Bolivarian Republic of"," ""VE"""," ""VEN"""," ""862"""," ""8"""," ""-66""","INSERT INTO COUNTRY (countryKey,countryDisplayName) VALUES(' ""VNM""','Viet Nam')",,,
Venezuela," ""VE"""," ""VEN"""," ""862"""," ""8"""," ""-66""","INSERT INTO COUNTRY (countryKey,countryDisplayName) VALUES(' ""VNM""','Vietnam')",,,
Viet Nam," ""VN"""," ""VNM"""," ""704"""," ""16"""," ""106""","INSERT INTO COUNTRY (countryKey,countryDisplayName) VALUES(' ""VGB""','Virgin Islands, British')",,,
Vietnam," ""VN"""," ""VNM"""," ""704"""," ""16"""," ""106""","INSERT INTO COUNTRY (countryKey,countryDisplayName) VALUES(' ""VIR""','Virgin Islands, U.S.')",,,
"Virgin Islands, British"," ""VG"""," ""VGB"""," ""92"""," ""18.5"""," ""-64.5""","INSERT INTO COUNTRY (countryKey,countryDisplayName) VALUES(' ""WLF""','Wallis and Futuna')",,,
"Virgin Islands, U.S."," ""VI"""," ""VIR"""," ""850"""," ""18.3333"""," ""-64.8333""","INSERT INTO COUNTRY (countryKey,countryDisplayName) VALUES(' ""ESH""','Western Sahara')",,,
Wallis and Futuna," ""WF"""," ""WLF"""," ""876"""," ""-13.3"""," ""-176.2""","INSERT INTO COUNTRY (countryKey,countryDisplayName) VALUES(' ""YEM""','Yemen')",,,
Western Sahara," ""EH"""," ""ESH"""," ""732"""," ""24.5"""," ""-13""","INSERT INTO COUNTRY (countryKey,countryDisplayName) VALUES(' ""ZMB""','Zambia')",,,
Yemen," ""YE"""," ""YEM"""," ""887"""," ""15"""," ""48""","INSERT INTO COUNTRY (countryKey,countryDisplayName) VALUES(' ""ZWE""','Zimbabwe')",,,
Zambia," ""ZM"""," ""ZMB"""," ""894"""," ""-15"""," ""30""","INSERT INTO COUNTRY (countryKey,countryDisplayName) VALUES('','')",,,
Zimbabwe," ""ZW"""," ""ZWE"""," ""716"""," ""-20"""," ""30""","INSERT INTO COUNTRY (countryKey,countryDisplayName) VALUES('','')",,,
